# -----------------------------------------------,,,,,,,
TradeStation Historical Balances Report,,,,,,,
Dates: 10/20/2025 - 7/6/2026,,,,,,
Account: 210TGG51,,,,,,,
Type: Futures,,,,,,,
Alias: AMF MNQRdr GG51,,,,,,,
# -----------------------------------------------,,,,,,,
,,,,,,,
,,,,,,,
Date,Net Worth,Cash Balance,Unrealized P/L,Securities on Deposit,Initial Margin Req.,Maint Margin Req.,Buying Power/Margin Deficit
10/20/2025,"$30,000.00 ","$30,000.00 ","$0.00 ","$0.00 ","$0.00 ","$0.00 ","$30,000.00 "
10/21/2025,"$30,000.00 ","$30,000.00 ","$0.00 ","$0.00 ","$0.00 ","$0.00 ","$30,000.00 "
10/22/2025,"$30,000.00 ","$30,000.00 ","$0.00 ","$0.00 ","$0.00 ","$0.00 ","$30,000.00 "
10/23/2025,"$30,000.00 ","$30,000.00 ","$0.00 ","$0.00 ","$0.00 ","$0.00 ","$30,000.00 "
10/24/2025,"$30,000.00 ","$30,000.00 ","$0.00 ","$0.00 ","$0.00 ","$0.00 ","$30,000.00 "
10/27/2025,"$30,000.00 ","$30,000.00 ","$0.00 ","$0.00 ","$0.00 ","$0.00 ","$30,000.00 "
10/28/2025,"$30,000.00 ","$30,000.00 ","$0.00 ","$0.00 ","$0.00 ","$0.00 ","$30,000.00 "
10/29/2025,"$30,000.00 ","$30,000.00 ","$0.00 ","$0.00 ","$0.00 ","$0.00 ","$30,000.00 "
10/30/2025,"$30,000.00 ","$30,000.00 ","$0.00 ","$0.00 ","$0.00 ","$0.00 ","$30,000.00 "
10/31/2025,"$30,000.00 ","$30,000.00 ","$0.00 ","$0.00 ","$0.00 ","$0.00 ","$30,000.00 "
11/3/2025,"$30,000.00 ","$30,000.00 ","$0.00 ","$0.00 ","$0.00 ","$0.00 ","$30,000.00 "
11/4/2025,"$30,000.00 ","$30,000.00 ","$0.00 ","$0.00 ","$0.00 ","$0.00 ","$30,000.00 "
11/5/2025,"$30,000.00 ","$30,000.00 ","$0.00 ","$0.00 ","$0.00 ","$0.00 ","$30,000.00 "
11/6/2025,"$30,000.00 ","$30,000.00 ","$0.00 ","$0.00 ","$0.00 ","$0.00 ","$30,000.00 "
11/7/2025,"$30,000.00 ","$30,000.00 ","$0.00 ","$0.00 ","$0.00 ","$0.00 ","$30,000.00 "
11/10/2025,"$30,000.00 ","$30,000.00 ","$0.00 ","$0.00 ","$0.00 ","$0.00 ","$30,000.00 "
11/11/2025,"$30,000.00 ","$30,000.00 ","$0.00 ","$0.00 ","$0.00 ","$0.00 ","$30,000.00 "
11/12/2025,"$30,000.00 ","$30,000.00 ","$0.00 ","$0.00 ","$0.00 ","$0.00 ","$30,000.00 "
11/13/2025,"$30,000.00 ","$30,000.00 ","$0.00 ","$0.00 ","$0.00 ","$0.00 ","$30,000.00 "
11/14/2025,"$31,839.18 ","$32,369.18 ","($530.00)","$0.00 ","$10,096.85 ","$9,178.95 ","$21,742.33 "
11/17/2025,"$31,671.84 ","$31,671.84 ","$0.00 ","$0.00 ","$0.00 ","$0.00 ","$31,671.84 "
11/18/2025,"$31,707.86 ","$31,669.36 ","$38.50 ","$0.00 ","$13,494.02 ","$12,267.29 ","$18,213.84 "
11/19/2025,"$31,367.22 ","$32,229.22 ","($862.00)","$0.00 ","$6,743.81 ","$6,130.74 ","$24,623.41 "
11/20/2025,"$32,900.28 ","$32,900.28 ","$0.00 ","$0.00 ","$0.00 ","$0.00 ","$32,900.28 "
11/21/2025,"$32,784.44 ","$33,235.44 ","($451.00)","$0.00 ","$3,697.26 ","$3,361.15 ","$29,087.18 "
11/24/2025,"$35,490.98 ","$35,369.48 ","$121.50 ","$0.00 ","$3,688.16 ","$3,352.88 ","$31,802.82 "
11/25/2025,"$35,229.00 ","$34,834.00 ","$395.00 ","$0.00 ","$11,059.25 ","$10,053.86 ","$24,169.75 "
11/26/2025,"$37,258.28 ","$37,207.28 ","$51.00 ","$0.00 ","$3,683.48 ","$3,348.62 ","$33,574.80 "
11/27/2025,"$37,258.28 ","$37,207.28 ","$51.00 ","$0.00 ","$3,683.48 ","$3,348.62 ","$33,574.80 "
11/28/2025,"$37,683.16 ","$37,206.66 ","$476.50 ","$0.00 ","$7,362.22 ","$6,692.93 ","$30,320.94 "
12/1/2025,"$36,830.92 ","$37,197.42 ","($366.50)","$0.00 ","$7,365.67 ","$6,696.06 ","$29,465.25 "
12/2/2025,"$37,781.68 ","$37,196.18 ","$585.50 ","$0.00 ","$14,719.72 ","$13,381.56 ","$23,061.96 "
12/3/2025,"$36,835.70 ","$36,835.70 ","$0.00 ","$0.00 ","$0.00 ","$0.00 ","$36,835.70 "
12/4/2025,"$36,835.70 ","$36,835.70 ","$0.00 ","$0.00 ","$0.00 ","$0.00 ","$36,835.70 "
12/5/2025,"$36,835.70 ","$36,835.70 ","$0.00 ","$0.00 ","$0.00 ","$0.00 ","$36,835.70 "
12/8/2025,"$36,835.70 ","$36,835.70 ","$0.00 ","$0.00 ","$0.00 ","$0.00 ","$36,835.70 "
12/9/2025,"$36,835.70 ","$36,835.70 ","$0.00 ","$0.00 ","$0.00 ","$0.00 ","$36,835.70 "
12/10/2025,"$36,835.70 ","$36,835.70 ","$0.00 ","$0.00 ","$0.00 ","$0.00 ","$36,835.70 "
12/11/2025,"$36,835.70 ","$36,835.70 ","$0.00 ","$0.00 ","$0.00 ","$0.00 ","$36,835.70 "
12/12/2025,"$36,143.86 ","$36,378.36 ","($234.50)","$0.00 ","$3,688.75 ","$3,353.41 ","$32,455.11 "
12/15/2025,"$35,555.62 ","$36,377.12 ","($821.50)","$0.00 ","$11,120.56 ","$10,109.60 ","$24,435.06 "
12/16/2025,"$34,817.26 ","$35,174.26 ","($357.00)","$0.00 ","$7,404.97 ","$6,731.79 ","$27,412.29 "
12/17/2025,"$32,686.90 ","$34,010.90 ","($1,324.00)","$0.00 ","$3,697.43 ","$3,361.30 ","$28,989.47 "
12/18/2025,"$33,246.16 ","$34,009.66 ","($763.50)","$0.00 ","$11,125.95 ","$10,114.50 ","$22,120.21 "
12/19/2025,"$34,995.50 ","$34,008.42 ","$987.08 ","$0.00 ","$14,753.31 ","$13,412.10 ","$20,242.19 "
12/22/2025,"$36,717.08 ","$36,649.58 ","$67.50 ","$0.00 ","$3,686.87 ","$3,351.70 ","$33,030.21 "
12/23/2025,"$37,048.96 ","$36,648.96 ","$400.00 ","$0.00 ","$7,370.75 ","$6,700.68 ","$29,678.21 "
12/24/2025,"$37,380.34 ","$36,648.34 ","$732.00 ","$0.00 ","$11,054.01 ","$10,049.10 ","$26,326.33 "
12/26/2025,"$37,276.84 ","$36,648.34 ","$628.50 ","$0.00 ","$11,055.78 ","$10,050.71 ","$26,221.06 "
12/29/2025,"$36,535.84 ","$36,648.34 ","($112.50)","$0.00 ","$11,062.30 ","$10,056.63 ","$25,473.54 "
12/30/2025,"$32,804.18 ","$33,303.68 ","($499.50)","$0.00 ","$11,066.07 ","$10,060.07 ","$21,738.11 "
12/31/2025,"$31,694.70 ","$32,598.20 ","($903.50)","$0.00 ","$11,076.60 ","$10,069.63 ","$20,618.10 "
1/2/2026,"$32,710.98 ","$33,461.48 ","($750.50)","$0.00 ","$3,693.49 ","$3,357.72 ","$29,017.49 "
1/5/2026,"$32,866.12 ","$33,459.62 ","($593.50)","$0.00 ","$14,763.60 ","$13,421.46 ","$18,102.52 "
1/6/2026,"$34,871.00 ","$33,459.00 ","$1,412.00 ","$0.00 ","$18,437.70 ","$16,761.55 ","$16,433.30 "
1/7/2026,"$35,076.41 ","$35,383.66 ","($307.25)","$0.00 ","$7,375.18 ","$6,704.71 ","$27,701.23 "
1/8/2026,"$34,277.42 ","$34,277.42 ","$0.00 ","$0.00 ","$0.00 ","$0.00 ","$34,277.42 "
1/9/2026,"$35,154.98 ","$34,882.98 ","$272.00 ","$0.00 ","$7,373.35 ","$6,703.05 ","$27,781.63 "
1/12/2026,"$35,228.98 ","$34,882.98 ","$346.00 ","$0.00 ","$7,373.42 ","$6,703.11 ","$27,855.56 "
1/13/2026,"$35,295.50 ","$35,371.50 ","($76.00)","$0.00 ","$7,375.56 ","$6,705.06 ","$27,919.94 "
1/14/2026,"$34,143.76 ","$34,143.76 ","$0.00 ","$0.00 ","$0.00 ","$0.00 ","$34,143.76 "
1/15/2026,"$34,143.76 ","$34,143.76 ","$0.00 ","$0.00 ","$0.00 ","$0.00 ","$34,143.76 "
1/16/2026,"$34,143.76 ","$34,143.76 ","$0.00 ","$0.00 ","$0.00 ","$0.00 ","$34,143.76 "
1/19/2026,"$34,143.76 ","$34,143.76 ","$0.00 ","$0.00 ","$0.00 ","$0.00 ","$34,143.76 "
1/20/2026,"$34,143.76 ","$34,143.76 ","$0.00 ","$0.00 ","$0.00 ","$0.00 ","$34,143.76 "
1/21/2026,"$34,143.76 ","$34,143.76 ","$0.00 ","$0.00 ","$0.00 ","$0.00 ","$34,143.76 "
1/22/2026,"$34,100.52 ","$34,142.52 ","($42.00)","$0.00 ","$7,385.79 ","$6,714.36 ","$26,714.73 "
1/23/2026,"$34,944.34 ","$34,555.20 ","$389.14 ","$0.00 ","$7,383.93 ","$6,712.66 ","$27,560.41 "
1/26/2026,"$34,654.12 ","$34,654.12 ","$0.00 ","$0.00 ","$0.00 ","$0.00 ","$34,654.12 "
1/27/2026,"$34,654.12 ","$34,654.12 ","$0.00 ","$0.00 ","$0.00 ","$0.00 ","$34,654.12 "
1/28/2026,"$34,654.12 ","$34,654.12 ","$0.00 ","$0.00 ","$0.00 ","$0.00 ","$34,654.12 "
1/29/2026,"$34,654.12 ","$34,654.12 ","$0.00 ","$0.00 ","$0.00 ","$0.00 ","$34,654.12 "
1/30/2026,"$34,654.12 ","$34,654.12 ","$0.00 ","$0.00 ","$0.00 ","$0.00 ","$34,654.12 "
2/2/2026,"$34,654.12 ","$34,654.12 ","$0.00 ","$0.00 ","$0.00 ","$0.00 ","$34,654.12 "
2/3/2026,"$34,654.12 ","$34,654.12 ","$0.00 ","$0.00 ","$0.00 ","$0.00 ","$34,654.12 "
2/4/2026,"$33,763.36 ","$33,762.84 ","$0.52 ","$0.00 ","$11,113.95 ","$10,103.59 ","$22,649.41 "
2/5/2026,"$32,780.48 ","$33,279.07 ","($498.59)","$0.00 ","$3,709.59 ","$3,372.35 ","$29,070.89 "
2/6/2026,"$36,515.32 ","$35,911.15 ","$604.17 ","$0.00 ","$4,043.51 ","$3,675.92 ","$32,471.81 "
2/9/2026,"$37,308.21 ","$35,909.29 ","$1,398.92 ","$0.00 ","$16,163.73 ","$14,694.30 ","$21,144.48 "
2/10/2026,"$36,190.65 ","$35,877.73 ","$312.92 ","$0.00 ","$16,172.13 ","$14,701.93 ","$20,018.52 "
2/11/2026,"$37,378.19 ","$37,378.19 ","$0.00 ","$0.00 ","$0.00 ","$0.00 ","$37,378.19 "
2/12/2026,"$37,378.19 ","$37,378.19 ","$0.00 ","$0.00 ","$0.00 ","$0.00 ","$37,378.19 "
2/13/2026,"$37,378.19 ","$37,378.19 ","$0.00 ","$0.00 ","$0.00 ","$0.00 ","$37,378.19 "
2/16/2026,"$37,378.19 ","$37,378.19 ","$0.00 ","$0.00 ","$0.00 ","$0.00 ","$37,378.19 "
2/17/2026,"$36,059.74 ","$36,059.74 ","$0.00 ","$0.00 ","$0.00 ","$0.00 ","$36,059.74 "
2/18/2026,"$36,059.74 ","$36,059.74 ","$0.00 ","$0.00 ","$0.00 ","$0.00 ","$36,059.74 "
2/19/2026,"$36,059.74 ","$36,059.74 ","$0.00 ","$0.00 ","$0.00 ","$0.00 ","$36,059.74 "
2/20/2026,"$36,059.74 ","$36,059.74 ","$0.00 ","$0.00 ","$0.00 ","$0.00 ","$36,059.74 "
2/23/2026,"$36,059.74 ","$36,059.74 ","$0.00 ","$0.00 ","$0.00 ","$0.00 ","$36,059.74 "
2/24/2026,"$36,059.74 ","$36,059.74 ","$0.00 ","$0.00 ","$0.00 ","$0.00 ","$36,059.74 "
2/25/2026,"$36,059.74 ","$36,059.74 ","$0.00 ","$0.00 ","$0.00 ","$0.00 ","$36,059.74 "
2/26/2026,"$36,059.74 ","$36,059.74 ","$0.00 ","$0.00 ","$0.00 ","$0.00 ","$36,059.74 "
2/27/2026,"$36,059.74 ","$36,059.74 ","$0.00 ","$0.00 ","$0.00 ","$0.00 ","$36,059.74 "
3/2/2026,"$36,059.74 ","$36,059.74 ","$0.00 ","$0.00 ","$0.00 ","$0.00 ","$36,059.74 "
3/3/2026,"$36,059.74 ","$36,059.74 ","$0.00 ","$0.00 ","$0.00 ","$0.00 ","$36,059.74 "
3/4/2026,"$36,059.74 ","$36,059.74 ","$0.00 ","$0.00 ","$0.00 ","$0.00 ","$36,059.74 "
3/5/2026,"$34,972.26 ","$34,972.26 ","$0.00 ","$0.00 ","$0.00 ","$0.00 ","$34,972.26 "
3/6/2026,"$34,187.14 ","$34,971.64 ","($784.50)","$0.00 ","$4,052.33 ","$3,683.94 ","$30,134.81 "
3/9/2026,"$34,828.64 ","$34,971.64 ","($143.00)","$0.00 ","$4,047.95 ","$3,679.96 ","$30,780.69 "
3/10/2026,"$34,811.64 ","$34,971.64 ","($160.00)","$0.00 ","$4,048.16 ","$3,680.14 ","$30,763.48 "
3/11/2026,"$34,813.64 ","$34,971.64 ","($158.00)","$0.00 ","$4,048.23 ","$3,680.21 ","$30,765.41 "
3/12/2026,"$33,966.64 ","$34,971.64 ","($1,005.00)","$0.00 ","$4,054.12 ","$3,685.57 ","$29,912.52 "
3/13/2026,"$33,635.14 ","$34,971.64 ","($1,336.50)","$0.00 ","$4,056.37 ","$3,687.61 ","$29,578.77 "
3/16/2026,"$34,198.14 ","$34,971.64 ","($773.50)","$0.00 ","$4,052.56 ","$3,684.15 ","$30,145.58 "
3/17/2026,"$34,437.64 ","$34,971.64 ","($534.00)","$0.00 ","$4,050.96 ","$3,682.69 ","$30,386.68 "
3/18/2026,"$33,715.64 ","$34,971.64 ","($1,256.00)","$0.00 ","$4,055.91 ","$3,687.19 ","$29,659.73 "
3/19/2026,"$33,574.64 ","$34,971.64 ","($1,397.00)","$0.00 ","$4,056.85 ","$3,688.05 ","$29,517.79 "
3/20/2026,"$33,430.20 ","$34,971.64 ","($1,541.44)","$0.00 ","$0.00 ","$0.00 ","$33,430.20 "
3/23/2026,"$33,429.88 ","$33,429.88 ","$0.00 ","$0.00 ","$0.00 ","$0.00 ","$33,429.88 "
3/24/2026,"$33,429.88 ","$33,429.88 ","$0.00 ","$0.00 ","$0.00 ","$0.00 ","$33,429.88 "
3/25/2026,"$33,143.39 ","$33,428.64 ","($285.25)","$0.00 ","$8,119.91 ","$7,381.74 ","$25,023.48 "
3/26/2026,"$32,142.65 ","$32,142.65 ","$0.00 ","$0.00 ","$0.00 ","$0.00 ","$32,142.65 "
3/27/2026,"$31,424.06 ","$31,424.06 ","$0.00 ","$0.00 ","$0.00 ","$0.00 ","$31,424.06 "
3/30/2026,"$30,567.08 ","$30,567.08 ","$0.00 ","$0.00 ","$0.00 ","$0.00 ","$30,567.08 "
3/31/2026,"$33,079.89 ","$31,831.89 ","$1,248.00 ","$0.00 ","$8,130.46 ","$7,391.33 ","$24,949.43 "
4/1/2026,"$33,760.18 ","$33,760.18 ","$0.00 ","$0.00 ","$0.00 ","$0.00 ","$33,760.18 "
4/2/2026,"$33,760.18 ","$33,760.18 ","$0.00 ","$0.00 ","$0.00 ","$0.00 ","$33,760.18 "
4/3/2026,"$33,760.18 ","$33,760.18 ","$0.00 ","$0.00 ","$0.00 ","$0.00 ","$33,760.18 "
4/6/2026,"$34,309.72 ","$34,309.72 ","$0.00 ","$0.00 ","$0.00 ","$0.00 ","$34,309.72 "
4/7/2026,"$34,004.86 ","$33,734.36 ","$270.50 ","$0.00 ","$4,059.01 ","$3,690.01 ","$29,945.85 "
4/8/2026,"$35,021.01 ","$35,376.89 ","($355.88)","$0.00 ","$8,098.87 ","$7,362.61 ","$26,922.14 "
4/9/2026,"$35,875.07 ","$34,480.50 ","$1,394.57 ","$0.00 ","$16,188.16 ","$14,716.51 ","$19,686.91 "
4/10/2026,"$35,812.59 ","$35,812.59 ","$0.00 ","$0.00 ","$0.00 ","$0.00 ","$35,812.59 "
4/13/2026,"$37,024.73 ","$35,995.48 ","$1,029.25 ","$0.00 ","$4,043.12 ","$3,675.57 ","$32,981.61 "
4/14/2026,"$38,066.37 ","$37,189.87 ","$876.50 ","$0.00 ","$8,073.45 ","$7,339.50 ","$29,992.92 "
4/15/2026,"$40,033.22 ","$39,016.62 ","$1,016.60 ","$0.00 ","$8,063.00 ","$7,330.00 ","$31,970.22 "
4/16/2026,"$41,160.92 ","$40,519.01 ","$641.91 ","$0.00 ","$12,089.88 ","$10,990.80 ","$29,071.04 "
4/17/2026,"$44,688.98 ","$44,145.06 ","$543.92 ","$0.00 ","$8,050.28 ","$7,318.44 ","$36,638.70 "
4/20/2026,"$43,671.92 ","$43,303.35 ","$368.57 ","$0.00 ","$12,079.99 ","$10,981.80 ","$31,591.93 "
4/21/2026,"$43,121.30 ","$43,331.59 ","($210.29)","$0.00 ","$8,057.45 ","$7,324.95 ","$35,063.85 "
4/22/2026,"$45,426.44 ","$43,329.73 ","$2,096.71 ","$0.00 ","$20,111.01 ","$18,282.74 ","$25,315.43 "
4/23/2026,"$45,296.05 ","$45,294.44 ","$1.61 ","$0.00 ","$4,024.88 ","$3,658.98 ","$41,271.17 "
4/24/2026,"$46,825.56 ","$46,046.67 ","$778.89 ","$0.00 ","$8,034.97 ","$7,304.51 ","$38,790.59 "
4/27/2026,"$47,201.60 ","$47,101.60 ","$100.00 ","$0.00 ","$8,035.68 ","$7,305.16 ","$39,165.92 "
4/28/2026,"$46,061.66 ","$46,457.16 ","($395.50)","$0.00 ","$8,044.99 ","$7,313.63 ","$38,016.67 "
4/29/2026,"$47,442.49 ","$46,890.43 ","$552.06 ","$0.00 ","$8,040.92 ","$7,309.93 ","$39,401.57 "
4/30/2026,"$47,451.27 ","$47,451.27 ","$0.00 ","$0.00 ","$0.00 ","$0.00 ","$47,451.27 "
5/1/2026,"$48,206.17 ","$47,717.50 ","$488.67 ","$0.00 ","$4,013.31 ","$3,648.46 ","$44,192.86 "
5/4/2026,"$47,776.41 ","$47,911.56 ","($135.15)","$0.00 ","$4,014.74 ","$3,649.77 ","$43,761.67 "
5/5/2026,"$48,516.17 ","$48,485.17 ","$31.00 ","$0.00 ","$4,009.48 ","$3,644.98 ","$44,506.69 "
5/6/2026,"$50,676.58 ","$50,676.58 ","$0.00 ","$0.00 ","$0.00 ","$0.00 ","$50,676.58 "
5/7/2026,"$50,695.13 ","$50,675.96 ","$19.17 ","$0.00 ","$4,001.77 ","$3,637.97 ","$46,693.36 "
5/8/2026,"$50,568.55 ","$50,568.55 ","$0.00 ","$0.00 ","$0.00 ","$0.00 ","$50,568.55 "
5/11/2026,"$50,775.10 ","$50,567.93 ","$207.17 ","$0.00 ","$3,990.76 ","$3,627.96 ","$46,784.34 "
5/12/2026,"$51,625.44 ","$51,437.45 ","$187.99 ","$0.00 ","$3,995.77 ","$3,632.51 ","$47,629.67 "
5/13/2026,"$52,875.22 ","$52,554.30 ","$320.92 ","$0.00 ","$3,991.26 ","$3,628.42 ","$48,883.96 "
5/14/2026,"$51,124.76 ","$50,799.51 ","$325.25 ","$0.00 ","$3,988.47 ","$3,625.88 ","$47,136.29 "
5/15/2026,"$49,691.42 ","$49,691.42 ","$0.00 ","$0.00 ","$0.00 ","$0.00 ","$49,691.42 "
5/18/2026,"$48,491.56 ","$48,491.56 ","$0.00 ","$0.00 ","$0.00 ","$0.00 ","$48,491.56 "
5/19/2026,"$48,922.27 ","$48,915.56 ","$6.71 ","$0.00 ","$4,003.31 ","$3,639.37 ","$44,918.96 "
5/20/2026,"$49,854.77 ","$48,915.56 ","$939.21 ","$0.00 ","$3,996.21 ","$3,632.92 ","$45,858.56 "
5/21/2026,"$50,741.87 ","$50,355.96 ","$385.91 ","$0.00 ","$3,995.95 ","$3,632.68 ","$46,745.92 "
5/22/2026,"$50,964.87 ","$50,355.96 ","$608.91 ","$0.00 ","$3,994.77 ","$3,631.61 ","$46,970.10 "
5/25/2026,"$50,964.87 ","$50,355.96 ","$608.91 ","$0.00 ","$3,994.77 ","$3,631.61 ","$46,970.10 "
5/26/2026,"$51,994.37 ","$50,355.96 ","$1,638.41 ","$0.00 ","$3,986.77 ","$3,624.33 ","$48,007.60 "
5/27/2026,"$50,633.88 ","$50,959.00 ","($325.12)","$0.00 ","$3,988.01 ","$3,625.46 ","$46,645.87 "
5/28/2026,"$50,125.21 ","$50,125.21 ","$0.00 ","$0.00 ","$0.00 ","$0.00 ","$50,125.21 "
5/29/2026,"$50,125.21 ","$50,125.21 ","$0.00 ","$0.00 ","$0.00 ","$0.00 ","$50,125.21 "
6/1/2026,"$50,642.95 ","$50,124.59 ","$518.36 ","$0.00 ","$3,981.52 ","$3,619.56 ","$46,661.43 "
6/2/2026,"$50,935.95 ","$50,124.59 ","$811.36 ","$0.00 ","$3,979.83 ","$3,618.03 ","$46,956.12 "
6/3/2026,"$50,776.95 ","$50,124.59 ","$652.36 ","$0.00 ","$3,982.08 ","$3,620.07 ","$46,794.87 "
6/4/2026,"$51,485.41 ","$51,098.14 ","$387.27 ","$0.00 ","$3,985.42 ","$3,623.11 ","$47,499.99 "
6/5/2026,"$49,086.88 ","$50,758.78 ","($1,671.90)","$0.00 ","$4,037.80 ","$3,670.72 ","$45,049.08 "
6/8/2026,"$49,846.29 ","$49,846.29 ","$0.00 ","$0.00 ","$0.00 ","$0.00 ","$49,846.29 "
6/9/2026,"$51,531.57 ","$52,263.90 ","($732.33)","$0.00 ","$4,037.48 ","$3,670.43 ","$47,494.09 "
6/10/2026,"$51,305.70 ","$51,305.70 ","$0.00 ","$0.00 ","$0.00 ","$0.00 ","$51,305.70 "
6/11/2026,"$52,024.46 ","$52,024.46 ","$0.00 ","$0.00 ","$0.00 ","$0.00 ","$52,024.46 "
6/12/2026,"$50,234.45 ","$50,413.35 ","($178.90)","$0.00 ","$4,141.09 ","$3,764.63 ","$46,093.36 "
6/15/2026,"$51,764.78 ","$51,726.60 ","$38.18 ","$0.00 ","$4,236.43 ","$3,851.30 ","$47,528.35 "
6/16/2026,"$50,371.54 ","$50,371.54 ","$0.00 ","$0.00 ","$0.00 ","$0.00 ","$50,371.54 "
6/17/2026,"$50,052.83 ","$50,052.83 ","$0.00 ","$0.00 ","$0.00 ","$0.00 ","$50,052.83 "
6/18/2026,"$50,780.88 ","$50,217.24 ","$563.64 ","$0.00 ","$4,260.93 ","$3,873.57 ","$46,519.95 "
6/19/2026,"$50,780.88 ","$50,217.24 ","$563.64 ","$0.00 ","$4,260.93 ","$3,873.57 ","$46,519.95 "
6/22/2026,"$50,444.74 ","$50,444.74 ","$0.00 ","$0.00 ","$0.00 ","$0.00 ","$50,444.74 "
6/23/2026,"$48,417.00 ","$48,417.00 ","$0.00 ","$0.00 ","$0.00 ","$0.00 ","$48,417.00 "
6/24/2026,"$47,527.57 ","$47,765.22 ","($237.65)","$0.00 ","$4,234.32 ","$3,849.38 ","$43,293.25 "
6/25/2026,"$46,723.99 ","$46,723.99 ","$0.00 ","$0.00 ","$0.00 ","$0.00 ","$46,723.99 "
6/26/2026,"$47,211.96 ","$47,110.19 ","$101.77 ","$0.00 ","$4,216.96 ","$3,833.60 ","$42,995.00 "
6/29/2026,"$47,107.57 ","$46,780.84 ","$326.73 ","$0.00 ","$4,277.59 ","$3,888.71 ","$42,829.98 "
6/30/2026,"$48,049.07 ","$46,780.84 ","$1,268.23 ","$0.00 ","$4,307.94 ","$3,916.31 ","$43,741.13 "
7/1/2026,"$45,675.81 ","$45,675.81 ","$0.00 ","$0.00 ","$0.00 ","$0.00 ","$45,675.81 "
7/2/2026,"$45,335.28 ","$45,335.28 ","$0.00 ","$0.00 ","$0.00 ","$0.00 ","$45,335.28 "
7/3/2026,"$45,335.28 ","$45,335.28 ","$0.00 ","$0.00 ","$0.00 ","$0.00 ","$45,335.28 "
7/6/2026,"$45,335.28 ","$45,335.28 ","$0.00 ","$0.00 ","$0.00 ","$0.00 ","$45,335.28 "
